23.144.204.0/26,US,US-VA,Warrenton,
23.144.204.64/26,US,US-NY,New York,10012
23.144.204.128/27,US,US-FL,Miami,
23.144.204.160/27,US,US-VA,Warrenton,
23.144.204.192/27,US,US-NY,New York,10012
23.144.204.224/28,US,US-FL,Miami,
31.77.66.0/24,NO,NO-03,Oslo,
2602:81b:5003::/48,US,US-VA,Warrenton,
2602:81b:5007::/48,NO,NO-03,Oslo,
2602:81b:500a::/48,NO,NO-03,Oslo,
2602:81b:5005::/48,US,US-NY,New York,10012
2604:26A0:0010::/44,US,US-VA,Warrenton,
2604:26A0:0020::/44,NO,NO-03,Oslo,
2604:26A0:0031::/48,ES,ES-MD,Madrid,
2604:26A0:0032::/48,US,US-CA,Palo Alto,
2604:26A0:0033::/48,US,US-TX,Dallas,
2604:26A0:5003::/48,US,US-VA,Warrenton,
2604:26A0:5005::/48,US,US-NY,New York,10012
2604:26A0:5007::/48,NO,NO-03,Oslo,
2604:26A0:500a::/48,NO,NO-03,Oslo,
2604:26A0:500c::/48,NO,NO-03,Oslo,
2604:26A0:500d::/48,US,US-VA,Warrenton,
2604:26A0:500e::/48,NO,NO-03,Oslo,
2604:26A0:500f::/48,US,US-VA,Warrenton,
2602:F4A8:0030::/48,US,US-NY,New York,10012
2602:F4A8:0031::/48,ES,ES-MD,Madrid,
2602:F4A8:0032::/48,US,US-CA,Palo Alto,
2602:F4A8:0033::/48,US,US-TX,Dallas,
23.150.244.0/25,US,US-CA,Palo Alto,
23.150.244.128/25,US,US-TX,Dallas,
